clip,input,arm,vmaf,vmaf_neg,f0,psnr_y,err_flicker,gpu_ms
demo,clean,bicubic,81.39,79.76,81.14,32.0,0.169,
demo,clean,lanczos,82.31,80.67,81.83,32.16,0.17,
demo,clean,dlss-sr,76.74,74.91,79.23,30.79,0.224,
demo,clean,vsr-q1,89.02,86.67,87.73,33.36,0.372,0.221
demo,clean,vsr-q2,90.29,87.82,88.29,33.5,0.543,0.261
demo,clean,vsr-q3,92.8,89.52,90.04,34.1,0.64,0.448
demo,clean,vsr-q4,91.85,89.06,89.15,34.15,0.596,0.6
demo,coded,bicubic,69.22,67.48,71.66,31.26,0.458,
demo,coded,lanczos,70.09,68.4,72.29,31.4,0.461,
demo,coded,dlss-sr,66.64,64.82,71.21,30.34,0.482,
demo,coded,vsr-q1,77.67,75.34,79.23,32.59,0.601,0.226
demo,coded,vsr-q2,78.17,75.36,79.35,32.67,0.793,0.275
demo,coded,vsr-q3,81.36,77.56,81.69,33.13,0.847,0.458
demo,coded,vsr-q4,80.46,77.42,81.27,33.23,0.802,0.609
ncd,clean,bicubic,81.62,79.51,91.09,36.46,0.415,
ncd,clean,lanczos,82.93,80.41,93.39,36.62,0.428,
ncd,clean,dlss-sr,76.6,74.91,91.94,34.99,0.406,
ncd,clean,vsr-q1,87.57,83.12,95.63,37.44,0.653,0.229
ncd,clean,vsr-q2,88.39,84.69,97.31,37.55,0.835,0.262
ncd,clean,vsr-q3,91.2,87.25,96.43,37.95,0.9,0.444
ncd,clean,vsr-q4,90.87,86.93,94.55,38.09,0.975,0.61
ncd,coded,bicubic,65.9,63.66,70.05,35.51,0.593,
ncd,coded,lanczos,67.17,64.62,72.04,35.63,0.601,
ncd,coded,dlss-sr,62.38,60.34,71.41,34.49,0.601,
ncd,coded,vsr-q1,72.73,69.52,76.74,36.73,0.734,0.223
ncd,coded,vsr-q2,73.27,69.98,77.76,36.71,0.998,0.271
ncd,coded,vsr-q3,76.45,73.28,78.17,37.29,0.976,0.461
ncd,coded,vsr-q4,77.62,74.02,76.9,37.25,1.073,0.61
still,clean,bicubic,81.14,79.47,81.14,33.37,0.0,
still,clean,lanczos,81.83,80.13,81.83,33.44,0.0,
still,clean,dlss-sr,79.23,77.27,79.23,32.72,0.0,
still,clean,vsr-q1,87.73,84.43,87.73,33.94,0.0,0.223
still,clean,vsr-q2,88.29,85.52,88.29,34.09,0.0,0.265
still,clean,vsr-q3,90.04,86.69,90.04,34.47,0.0,0.446
still,clean,vsr-q4,89.15,85.97,89.15,34.46,0.0,0.59
still,coded,bicubic,75.05,73.27,75.05,32.95,0.001,
still,coded,lanczos,75.65,73.88,75.64,33.01,0.001,
still,coded,dlss-sr,74.32,72.41,74.29,32.49,0.003,
still,coded,vsr-q1,82.47,79.26,82.46,33.63,0.093,0.226
still,coded,vsr-q2,82.85,79.29,82.93,33.74,0.24,0.275
still,coded,vsr-q3,84.66,80.08,84.61,33.93,0.154,0.459
still,coded,vsr-q4,84.32,80.44,84.33,33.96,0.145,0.607
pan,clean,bicubic,79.6,75.52,76.6,39.93,0.308,
pan,clean,lanczos,81.72,77.8,79.35,40.41,0.31,
pan,clean,dlss-sr,78.39,72.47,74.57,38.39,0.327,
pan,clean,vsr-q1,87.74,82.1,85.41,41.79,0.426,0.216
pan,clean,vsr-q2,88.35,83.78,87.21,41.62,0.509,0.255
pan,clean,vsr-q3,88.3,83.93,87.89,40.97,0.541,0.457
pan,clean,vsr-q4,87.58,82.94,85.65,41.43,0.56,0.608
pan,coded,bicubic,69.71,65.8,67.04,39.25,0.482,
pan,coded,lanczos,71.67,67.83,69.66,39.64,0.486,
pan,coded,dlss-sr,68.92,63.4,65.47,38.17,0.495,
pan,coded,vsr-q1,79.52,74.9,76.65,42.04,0.588,0.227
pan,coded,vsr-q2,78.18,74.07,77.07,41.67,0.82,0.271
pan,coded,vsr-q3,80.52,76.69,80.13,41.64,0.823,0.46
pan,coded,vsr-q4,80.07,76.01,77.93,41.84,0.871,0.606
mpan,clean,bicubic,71.61,70.64,70.88,34.66,1.135,
mpan,clean,lanczos,72.77,71.76,72.08,34.66,1.154,
mpan,clean,dlss-sr,62.43,61.24,61.54,33.97,1.223,
mpan,clean,vsr-q1,73.32,71.02,72.35,33.99,1.553,0.216
mpan,clean,vsr-q2,73.47,71.92,72.7,33.82,1.751,0.258
mpan,clean,vsr-q3,72.34,70.39,71.62,33.96,1.845,0.45
mpan,clean,vsr-q4,74.26,72.02,73.51,34.24,1.882,0.59
mpan,coded,bicubic,62.48,60.98,61.79,33.83,1.346,
mpan,coded,lanczos,63.71,62.15,62.95,33.84,1.356,
mpan,coded,dlss-sr,56.68,55.4,56.23,33.48,1.389,
mpan,coded,vsr-q1,66.53,64.41,65.48,33.65,1.529,0.23
mpan,coded,vsr-q2,66.72,64.98,65.8,33.58,1.698,0.272
mpan,coded,vsr-q3,68.31,66.23,67.12,33.53,1.784,0.465
mpan,coded,vsr-q4,68.49,66.28,67.04,33.69,1.874,0.608
ts,clean,bicubic,87.4,79.69,83.76,34.55,0.733,
ts,clean,lanczos,87.47,79.42,83.8,34.43,0.753,
ts,clean,dlss-sr,75.94,64.42,72.89,33.6,0.781,
ts,clean,vsr-q1,80.08,74.49,76.85,34.07,0.95,0.224
ts,clean,vsr-q2,85.96,79.68,82.55,33.83,1.126,0.271
ts,clean,vsr-q3,90.15,82.78,86.91,34.09,1.028,0.455
ts,clean,vsr-q4,89.23,81.38,85.69,34.14,1.146,0.623
ts,coded,bicubic,74.71,68.64,72.3,33.67,0.926,
ts,coded,lanczos,74.72,68.57,72.2,33.6,0.931,
ts,coded,dlss-sr,67.44,57.46,64.33,33.3,0.941,
ts,coded,vsr-q1,69.83,65.15,67.61,33.6,1.02,0.234
ts,coded,vsr-q2,75.19,69.75,72.6,33.61,1.136,0.277
ts,coded,vsr-q3,79.87,73.66,77.82,33.82,1.131,0.462
ts,coded,vsr-q4,79.32,73.12,76.76,34.0,1.163,0.616
